modality,path,shape,dtype,nonzero_voxel_ratio,all_min,all_max,all_mean,all_std,nonzero_min,nonzero_max,nonzero_mean,nonzero_std
t1,/home/creeken/Desktop/deep-learning/archive/BraTS2020_TrainingData/MICCAI_BraTS2020_TrainingData/BraTS20_Training_001/BraTS20_Training_001_t1.nii,240x240x155,int16,0.1504127464157706,0.0,678.0,53.287132263183594,130.78494262695312,25.0,678.0,354.272705078125,84.18702697753906
t1ce,/home/creeken/Desktop/deep-learning/archive/BraTS2020_TrainingData/MICCAI_BraTS2020_TrainingData/BraTS20_Training_001/BraTS20_Training_001_t1ce.nii,240x240x155,int16,0.1504127464157706,0.0,1845.0,62.77164077758789,155.07916259765625,49.0,1845.0,417.3292236328125,109.19300842285156
t2,/home/creeken/Desktop/deep-learning/archive/BraTS2020_TrainingData/MICCAI_BraTS2020_TrainingData/BraTS20_Training_001/BraTS20_Training_001_t2.nii,240x240x155,int16,0.1504127464157706,0.0,376.0,17.25143814086914,44.979190826416016,5.0,376.0,114.69398498535156,47.6910285949707
flair,/home/creeken/Desktop/deep-learning/archive/BraTS2020_TrainingData/MICCAI_BraTS2020_TrainingData/BraTS20_Training_001/BraTS20_Training_001_flair.nii,240x240x155,int16,0.1504127464157706,0.0,625.0,26.021915435791016,66.76537322998047,14.0,625.0,173.00338745117188,64.8659439086914
